{"cameraMode":{"drawMode":0,"name":"Shaded","section":"Shading Mode"},"sceneLighting":false,"audioPlay":false,"sceneViewState":{"m_AlwaysRefresh":false,"showFog":true,"showSkybox":false,"showFlares":true,"showImageEffects":true,"showParticleSystems":true,"showVisualEffectGraphs":true,"m_FxEnabled":true},"in2DMode":false,"pivot":{"x":-0.03302013874053955,"y":-0.2872222661972046,"z":-0.2809752821922302},"rotation":{"x":-0.017398986965417863,"y":0.6981568336486816,"z":-0.016974279657006265,"w":-0.715548038482666},"size":0.5043275952339172,"orthographic":true}