{"cameraMode":{"drawMode":0,"name":"Shaded","section":"Shading Mode"},"sceneLighting":false,"audioPlay":false,"sceneViewState":{"m_AlwaysRefresh":false,"showFog":true,"showSkybox":false,"showFlares":true,"showImageEffects":true,"showParticleSystems":true,"showVisualEffectGraphs":true,"m_FxEnabled":true},"in2DMode":false,"pivot":{"x":0.6676430702209473,"y":0.46352553367614748,"z":1.6134459972381592},"rotation":{"x":-0.16724611818790437,"y":0.6398969888687134,"z":-0.14544697105884553,"w":-0.735803484916687},"size":3.024744987487793,"orthographic":false}