{"cameraMode":{"drawMode":0,"name":"Shaded","section":"Shading Mode"},"sceneLighting":false,"audioPlay":false,"sceneViewState":{"m_AlwaysRefresh":false,"showFog":true,"showSkybox":false,"showFlares":true,"showImageEffects":true,"showParticleSystems":true,"showVisualEffectGraphs":true,"m_FxEnabled":true},"in2DMode":false,"pivot":{"x":-0.5325980186462402,"y":1.1900469064712525,"z":-3.729559898376465},"rotation":{"x":-0.0011679459130391479,"y":-0.9966093897819519,"z":0.0812133401632309,"w":-0.014345502480864525},"size":0.3686169981956482,"orthographic":false}