{"cameraMode":{"drawMode":0,"name":"Shaded","section":"Shading Mode"},"sceneLighting":false,"audioPlay":false,"sceneViewState":{"m_AlwaysRefresh":false,"showFog":true,"showSkybox":false,"showFlares":true,"showImageEffects":true,"showParticleSystems":true,"showVisualEffectGraphs":true,"m_FxEnabled":true},"in2DMode":false,"pivot":{"x":0.38951802253723147,"y":-0.5142912864685059,"z":-0.057784028351306918},"rotation":{"x":0.055531665682792667,"y":0.702186644077301,"z":-0.05510145425796509,"w":0.7076894640922546},"size":0.98375004529953,"orthographic":false}