{"cameraMode":{"drawMode":0,"name":"Shaded","section":"Shading Mode"},"sceneLighting":false,"audioPlay":false,"sceneViewState":{"m_AlwaysRefresh":false,"showFog":true,"showSkybox":false,"showFlares":true,"showImageEffects":true,"showParticleSystems":true,"showVisualEffectGraphs":true,"m_FxEnabled":true},"in2DMode":false,"pivot":{"x":10.942203521728516,"y":13.46590805053711,"z":-51.58601379394531},"rotation":{"x":-0.036290477961301807,"y":0.25090402364730837,"z":-0.009413175284862519,"w":-0.9672868251800537},"size":59.56134033203125,"orthographic":false}