{"cameraMode":{"drawMode":0,"name":"Shaded","section":"Shading Mode"},"sceneLighting":false,"audioPlay":false,"sceneViewState":{"m_AlwaysRefresh":false,"showFog":true,"showSkybox":false,"showFlares":true,"showImageEffects":true,"showParticleSystems":true,"showVisualEffectGraphs":true,"m_FxEnabled":true},"in2DMode":false,"pivot":{"x":251.9897918701172,"y":160.0433807373047,"z":51.29862976074219},"rotation":{"x":-0.0025140121579170229,"y":0.992591142654419,"z":0.020847249776124955,"w":0.11968575417995453},"size":122.9000473022461,"orthographic":false}